variant,position,residue,chain,nearest_chain,min_distance_A,dist_to_B_A,dist_to_C_A,dist_to_A_A
wt,444,Y,A,B,3.07,3.07,7.13,
wt,444,Y,B,C,3.04,,3.04,7.24
wt,444,Y,C,A,3.04,7.19,,3.04
wt,464,K,A,C,3.03,3.35,3.03,
wt,464,K,B,A,3.04,,3.24,3.04
wt,464,K,C,B,3.01,3.01,,3.21
wt,465,Y,A,C,3.21,4.13,3.21,
wt,465,Y,B,A,3.28,,4.08,3.28
wt,465,Y,C,B,3.24,3.24,,4.12
evolved,444,H,A,C,2.87,7.34,2.87,
evolved,444,H,B,A,2.97,,7.31,2.97
evolved,444,H,C,B,2.94,2.94,,7.19
evolved,464,R,A,C,2.85,3.73,2.85,
evolved,464,R,B,A,2.89,,3.66,2.89
evolved,464,R,C,B,3.11,3.11,,3.75
evolved,465,H,A,B,2.89,2.89,5.2,
evolved,465,H,B,C,3.11,,3.11,5.15
evolved,465,H,C,A,2.85,5.13,,2.85
