wt_position,wt_aa,evolved_position,evolved_aa,event
1,M,1,M,match
2,N,2,N,match
3,D,3,D,match
4,S,4,S,match
5,S,5,S,match
6,V,6,V,match
7,I,7,I,match
8,Y,8,Y,match
9,R,9,R,match
10,A,10,A,match
11,I,11,I,match
12,V,12,V,match
13,T,13,T,match
14,S,14,S,match
15,K,15,K,match
16,F,16,F,match
17,R,17,R,match
18,T,18,T,match
19,E,19,E,match
20,K,20,K,match
21,M,21,M,match
22,L,22,L,match
23,N,23,N,match
24,F,24,F,match
25,Y,25,Y,match
26,N,26,N,match
27,S,27,S,match
28,I,28,I,match
29,G,29,G,match
30,S,30,S,match
31,G,31,G,match
32,P,32,P,match
33,D,33,D,match
34,K,34,K,match
35,N,35,N,match
36,T,36,T,match
37,I,37,I,match
38,F,38,F,match
39,I,39,I,match
40,T,40,T,match
41,F,41,F,match
42,G,42,G,match
43,R,43,R,match
44,S,44,S,match
45,E,45,E,match
46,P,46,P,match
47,W,47,W,match
48,S,48,S,match
49,S,49,S,match
50,N,50,N,match
51,E,51,E,match
52,N,52,N,match
53,E,53,E,match
54,V,54,V,match
55,G,55,G,match
56,F,56,F,match
57,A,57,A,match
58,P,58,P,match
59,P,59,P,match
60,Y,60,Y,match
61,P,61,P,match
62,T,62,T,match
63,D,63,D,match
64,S,64,S,match
65,V,65,V,match
66,L,66,L,match
67,G,67,G,match
68,V,68,V,match
69,T,69,T,match
70,D,70,D,match
71,M,71,M,match
72,W,72,W,match
73,T,73,T,match
74,H,74,H,match
75,M,75,M,match
76,M,76,M,match
77,G,77,G,match
78,T,78,T,match
79,V,79,V,match
80,K,80,K,match
81,V,81,V,match
82,L,82,L,match
83,P,83,P,match
84,S,84,S,match
85,M,85,M,match
86,L,86,L,match
87,D,87,D,match
88,A,88,A,match
89,V,89,V,match
90,I,90,I,match
91,P,91,P,match
92,R,92,R,match
93,R,93,R,match
94,D,94,D,match
95,W,95,W,match
96,G,96,G,match
97,D,97,D,match
98,T,98,T,match
99,R,99,R,match
100,Y,100,Y,match
101,P,101,P,match
102,D,102,D,match
103,P,103,P,match
104,Y,104,Y,match
105,T,105,T,match
106,F,106,F,match
107,R,107,R,match
108,I,108,I,match
109,N,109,N,match
110,D,110,D,match
111,I,111,I,match
112,V,112,V,match
113,V,113,V,match
114,C,114,C,match
115,N,115,N,match
116,S,116,S,match
117,A,117,A,match
118,P,118,P,match
119,Y,119,Y,match
120,N,120,N,match
121,A,121,A,match
122,T,122,T,match
123,E,123,E,match
124,S,124,S,match
125,G,125,G,match
126,A,126,A,match
127,G,127,G,match
128,W,128,W,match
129,L,129,L,match
130,V,130,V,match
131,Y,131,Y,match
132,R,132,R,match
133,C,133,C,match
134,L,134,L,match
135,D,135,D,match
136,V,136,V,match
137,P,137,P,match
138,D,138,D,match
139,T,139,T,match
140,G,140,G,match
141,M,141,M,match
142,C,142,C,match
143,S,143,S,match
144,I,144,I,match
145,A,145,A,match
146,S,146,S,match
147,L,147,L,match
148,T,148,T,match
149,N,149,N,match
150,K,150,K,match
151,D,151,D,match
152,E,152,E,match
153,C,153,C,match
154,L,154,L,match
155,K,155,K,match
156,L,156,L,match
157,G,157,G,match
158,G,158,G,match
159,K,159,K,match
160,W,160,W,match
161,T,161,T,match
162,P,162,P,match
163,S,163,S,match
164,V,164,V,match
165,R,165,R,match
166,S,166,S,match
167,M,167,M,match
168,T,168,T,match
169,P,169,P,match
170,P,170,P,match
171,E,171,E,match
172,G,172,G,match
173,R,173,R,match
174,G,174,G,match
175,D,175,D,match
176,A,176,A,match
177,E,177,E,match
178,G,178,G,match
179,T,179,T,match
180,I,180,I,match
181,E,181,E,match
182,P,182,P,match
183,G,183,G,match
184,D,184,D,match
185,G,185,G,match
186,Y,186,Y,match
187,V,187,V,match
188,W,188,W,match
189,E,189,E,match
190,Y,190,Y,match
191,L,191,L,match
192,F,192,F,match
193,E,193,E,match
194,I,194,I,match
195,P,195,P,match
196,P,196,P,match
197,D,197,D,match
198,V,198,V,match
199,S,199,S,match
200,I,200,I,match
201,N,201,N,match
202,R,202,R,match
203,C,203,C,match
204,T,204,T,match
205,N,205,N,match
206,E,206,E,match
207,Y,207,Y,match
208,I,208,I,match
209,V,209,V,match
210,V,210,V,match
211,P,211,P,match
212,W,212,W,match
213,P,213,P,match
214,E,214,E,match
215,E,215,E,match
216,L,216,L,match
217,K,217,K,match
218,E,218,E,match
219,D,219,D,match
220,P,220,P,match
221,T,221,T,match
222,R,222,R,match
223,W,223,W,match
224,G,224,G,match
225,Y,225,Y,match
226,E,226,E,match
227,D,227,D,match
228,N,228,N,match
229,L,229,L,match
230,T,230,T,match
231,W,231,W,match
232,Q,232,Q,match
233,Q,233,Q,match
234,D,234,D,match
235,D,235,D,match
236,F,236,F,match
237,G,237,G,match
238,L,238,L,match
239,I,239,I,match
240,Y,240,Y,match
241,R,241,R,match
242,V,242,V,match
243,K,243,K,match
244,A,244,A,match
245,N,245,N,match
246,T,246,T,match
247,I,247,I,match
248,R,248,R,match
249,F,249,F,match
250,K,250,K,match
251,A,251,A,match
252,Y,252,Y,match
253,L,253,L,match
254,D,254,D,match
255,S,255,S,match
256,V,256,V,match
257,Y,257,Y,match
258,F,258,F,match
259,P,259,P,match
260,D,260,D,match
261,A,261,A,match
262,A,262,A,match
263,L,263,L,match
264,P,264,P,match
265,G,265,G,match
266,N,266,N,match
267,K,267,K,match
268,G,268,G,match
269,F,269,F,match
270,R,270,R,match
271,Q,271,Q,match
272,I,272,I,match
273,S,273,S,match
274,I,274,I,match
275,I,275,I,match
276,T,276,T,match
277,N,277,N,match
278,P,278,P,match
279,L,279,L,match
280,E,280,E,match
281,A,281,A,match
282,K,282,K,match
283,A,283,A,match
284,H,284,H,match
285,P,285,P,match
286,N,286,N,match
287,D,287,D,match
288,P,288,P,match
289,N,289,N,match
,,290,D,insertion
,,291,P,insertion
,,292,N,insertion
290,V,293,V,match
291,K,294,K,match
292,A,295,A,match
293,E,296,E,match
294,K,297,K,match
295,D,298,D,match
296,Y,299,Y,match
297,Y,300,Y,match
298,D,301,D,match
299,P,302,P,match
300,E,303,E,match
301,D,304,D,match
302,L,305,L,match
303,M,306,M,match
304,R,307,R,match
305,H,308,H,match
306,S,309,S,match
307,G,310,G,match
308,E,311,E,match
309,M,312,M,match
310,I,313,I,match
311,Y,314,Y,match
312,M,315,M,match
313,E,316,E,match
314,N,317,N,match
315,R,318,R,match
316,P,319,P,match
317,P,320,P,match
318,I,321,I,match
319,I,322,I,match
320,M,323,M,match
321,A,324,A,match
322,M,325,M,match
323,D,326,D,match
324,Q,327,Q,match
325,T,328,T,match
326,E,329,E,match
327,E,330,E,match
328,I,331,I,match
329,N,332,N,match
330,I,333,I,match
331,L,334,L,match
332,F,335,F,match
333,T,336,T,match
334,F,337,F,match
